{
    "resolution": {
        "width": 800,
        "height": 600
    },
    "cameraIntrinsics": {
        "rows": 3,
        "cols": 3,
        "type": 6,
        "data": [
            691.5363898,
            0,
            394.2296114,
            0,
            690.8824026,
            317.5398292,
            0,
            0,
            1
        ]
    },
    "distCoeffs": {
        "rows": 1,
        "cols": 8,
        "type": 6,
        "data": [
            0.03938221033,
            -0.04969058915,
            0.002469809061,
            0.001212389439,
            -0.01264816884,
            -0.001595241604,
            0.001646659763,
            0.000436689381
        ]
    },
    "observations": [],
    "calobjectWarp": [],
    "calobjectSize": {
        "width": 0,
        "height": 0
    },
    "calobjectSpacing": 0
}