{
    "resolution": {
        "width": 800,
        "height": 600
    },
    "cameraIntrinsics": {
        "rows": 3,
        "cols": 3,
        "type": 6,
        "data": [
            673.114168,
            0,
            478.1861601,
            0,
            672.2036211,
            37.67433007,
            0,
            0,
            1
        ]
    },
    "distCoeffs": {
        "rows": 1,
        "cols": 8,
        "type": 6,
        "data": [
            -0.004862960703,
            -0.01981103189,
            -0.0001685692775,
            -0.002929398232,
            0.09567439384,
            -0.02884096246,
            0.03948556616,
            0.0845434388
        ]
    },
    "observations": [],
    "calobjectWarp": [],
    "calobjectSize": {
        "width": 0,
        "height": 0
    },
    "calobjectSpacing": 0
}