{
    "resolution": {
        "width": 800,
        "height": 600
    },
    "cameraIntrinsics": {
        "rows": 3,
        "cols": 3,
        "type": 6,
        "data": [
            685.7812034,
            0,
            478.8572274,
            0,
            687.4322431,
            39.16139676,
            0,
            0,
            1
        ]
    },
    "distCoeffs": {
        "rows": 1,
        "cols": 8,
        "type": 6,
        "data": [
            0.01151813426,
            -0.02489388502,
            -0.002661842472,
            0.0001194491316,
            0.1050253528,
            -0.03788037971,
            0.05079170303,
            0.08804240349
        ]
    },
    "observations": [],
    "calobjectWarp": [],
    "calobjectSize": {
        "width": 0,
        "height": 0
    },
    "calobjectSpacing": 0
}