{
    "resolution": {
        "width": 800,
        "height": 600
    },
    "cameraIntrinsics": {
        "rows": 3,
        "cols": 3,
        "type": 6,
        "data": [
            691.7659776,
            0,
            415.4991262,
            0,
            692.207924,
            283.2029256,
            0,
            0,
            1
        ]
    },
    "distCoeffs": {
        "rows": 1,
        "cols": 8,
        "type": 6,
        "data": [
            0.05368244823,
            -0.07622352666,
            -0.0004865206882,
            0.003331090666,
            0.005223058499,
            -0.002070180251,
            0.004744863407,
            0.0002727708178
        ]
    },
    "observations": [],
    "calobjectWarp": [],
    "calobjectSize": {
        "width": 0,
        "height": 0
    },
    "calobjectSpacing": 0
}