{
    "resolution": {
        "width": 800,
        "height": 600
    },
    "cameraIntrinsics": {
        "rows": 3,
        "cols": 3,
        "type": 6,
        "data": [
            685.6083957,
            0,
            485.8063361,
            0,
            685.2172485,
            47.565878,
            0,
            0,
            1
        ]
    },
    "distCoeffs": {
        "rows": 1,
        "cols": 8,
        "type": 6,
        "data": [
            0.03070382222,
            -0.05756398242,
            0.0009206248827,
            0.002693175851,
            0.06273497651,
            -0.02025749519,
            0.02676440799,
            0.03859565174
        ]
    },
    "observations": [],
    "calobjectWarp": [],
    "calobjectSize": {
        "width": 0,
        "height": 0
    },
    "calobjectSpacing": 0
}