{
    "resolution": {
        "width": 800,
        "height": 600
    },
    "cameraIntrinsics": {
        "rows": 3,
        "cols": 3,
        "type": 6,
        "data": [
            687.8358739,
            0,
            407.6750139,
            0,
            686.8635586,
            288.077796,
            0,
            0,
            1
        ]
    },
    "distCoeffs": {
        "rows": 1,
        "cols": 8,
        "type": 6,
        "data": [
            0.04412914318,
            -0.07350339238,
            -0.0009051533428,
            0.001978795394,
            0.006457718031,
            -0.001609005194,
            0.002904246253,
            -0.0002395140188
        ]
    },
    "observations": [],
    "calobjectWarp": [],
    "calobjectSize": {
        "width": 0,
        "height": 0
    },
    "calobjectSpacing": 0
}