{
    "resolution": {
        "width": 800,
        "height": 600
    },
    "cameraIntrinsics": {
        "rows": 3,
        "cols": 3,
        "type": 6,
        "data": [
            679.5492686,
            0,
            415.0269497,
            0,
            679.5838057,
            291.6986956,
            0,
            0,
            1
        ]
    },
    "distCoeffs": {
        "rows": 1,
        "cols": 8,
        "type": 6,
        "data": [
            0.05486314152,
            -0.1047874037,
            -0.001145155473,
            -0.001792544891,
            0.06351978484,
            0.0002187584452,
            0.002875249034,
            -0.002835832973
        ]
    },
    "observations": [],
    "calobjectWarp": [],
    "calobjectSize": {
        "width": 0,
        "height": 0
    },
    "calobjectSpacing": 0
}