{
    "resolution": {
        "width": 800,
        "height": 600
    },
    "cameraIntrinsics": {
        "rows": 3,
        "cols": 3,
        "type": 6,
        "data": [
            690.27284,
            0,
            398.1236887,
            0,
            690.3922597,
            294.3585776,
            0,
            0,
            1
        ]
    },
    "distCoeffs": {
        "rows": 1,
        "cols": 8,
        "type": 6,
        "data": [
            0.03903724636,
            -0.03530915531,
            0.002590371705,
            -0.000219215652,
            -0.04209309072,
            -0.001238167275,
            0.002060990075,
            0.001810494676
        ]
    },
    "observations": [],
    "calobjectWarp": [],
    "calobjectSize": {
        "width": 0,
        "height": 0
    },
    "calobjectSpacing": 0
}