{
    "resolution": {
        "width": 800,
        "height": 600
    },
    "cameraIntrinsics": {
        "rows": 3,
        "cols": 3,
        "type": 6,
        "data": [
            686.2204642,
            0,
            397.751264,
            0,
            686.191917,
            305.2099401,
            0,
            0,
            1
        ]
    },
    "distCoeffs": {
        "rows": 1,
        "cols": 8,
        "type": 6,
        "data": [
            0.04203652803,
            -0.05486346692,
            0.001863662984,
            -0.0002811481453,
            -0.008884966518,
            -0.001685822623,
            0.001647382095,
            0.000253822967
        ]
    },
    "observations": [],
    "calobjectWarp": [],
    "calobjectSize": {
        "width": 0,
        "height": 0
    },
    "calobjectSpacing": 0
}